{
    "$schema": "https://schema.management.azure.com/schemas/2015-01-01/deploymentParameters.json#",
    "contentVersion": "1.0.0.0",
    "parameters": {
        "subscriptionId": {
            "value": "50fdc1a1-6cd9-4873-af64-1741034d3de2"
        },
        "resourceGroupName": {
            "value": "TPSIngSoft3UCC2024"
        },
        "name": {
            "value": "MiWebApp04"
        },
        "location": {
            "value": "Canada Central"
        },
        "hostingPlanName": {
            "value": "MiAppPlan01"
        },
        "serverFarmResourceGroup": {
            "value": "TPSIngSoft3UCC2024"
        },
        "alwaysOn": {
            "value": false
        },
        "ftpsState": {
            "value": "FtpsOnly"
        },
        "autoGeneratedDomainNameLabelScope": {
            "value": "TenantReuse"
        },
        "currentStack": {
            "value": "dotnet"
        },
        "phpVersion": {
            "value": "OFF"
        },
        "netFrameworkVersion": {
            "value": "v6.0"
        }
    }
}